Time,D2
0,0
20,0
40,0
60,0
80,0
100,0
120,0
140,0
160,0
180,0
199,0
219,0
239,0
259,0
279,0
300,0
320,0
340,0
360,0
380,0
400,0
420,0
440,0
460,0
480,0
500,0
520,0
540,0
560,0
580,0
600,0
620,0
640,0
660,0
680,0
700,0
720,0
740,0
760,0
780,0
800,0
820,0
840,0
860,0
880,0
900,0
920,0
940,0
960,0
980,0
1000,0
1020,0
1040,0
1060,0
1080,0
1100,0
1120,0
1140,0
1160,0
1180,0
1200,0
1220,0
1240,0
1260,0
1280,0
1300,0
1320,0
1340,0
1360,0
1380,0
1400,0
1420,0
1440,0
1460,0
1480,0
1500,0
1520,0
1540,0
1560,0
1580,0
1600,0
1620,0
1640,0
1660,0
1680,0
1700,0
1720,0
1740,0
1760,0
1780,0
1800,0
1820,0
1840,0
1860,0
1880,0
1900,0
1920,0
1940,0
1960,0
1980,0
2000,0
2020,0
2040,0
2060,0
2080,0
2100,0
2120,0
2140,0
2160,0
2180,0
2200,0
2220,0
2240,0
2260,0
2280,0
2300,0
2320,0
2340,0
2360,0
2380,0
2400,0
2420,0
2440,0
2460,0
2480,0
2500,0
2520,0
2540,0
2560,0
2580,0
2600,0
2620,0
2640,0
2660,0
2680,0
2700,0
2720,0
2740,0
2760,0
2780,0
2800,0
2820,0
2840,0
2860,0
2880,0
2900,0
2920,0
2940,0
2960,0
2980,0
3000,0
3020,0
3040,0
3060,0
3080,0
3100,0
3120,0
3140,0
3160,0
3180,0
3200,0
3220,0
3240,0
3260,0
3280,0
3300,0
3320,0
3340,0
3360,0
3380,0
3400,0
3420,0
3440,0
3460,0
3480,0
3500,0
3520,0
3540,0
3560,0
3580,0
3600,0
3620,0
3640,0
3660,0
3680,0
3700,0
3720,0
3740,0
3760,0
3780,0
3800,0
3820,0
3840,0
3860,0
3880,0
3900,0
3920,0
3940,0
3960,0
3980,0
4000,0
4020,0
4040,0
4060,0
4080,0
4100,0
4120,0
4140,0
4159,0
4179,0
4199,0
4219,0
4239,0
4259,0
4279,0
4299,0
4319,0
4339,0
4359,0
4379,0
4399,0
4419,0
4439,0
4459,0
4479,0
4499,0
4519,0
4539,0
4559,0
4579,0
4599,0
4619,0
4639,0
4659,0
4679,0
4699,0
4719,0
4739,0
4759,0
4779,0
4799,0
4819,0
4839,0
4859,0
4879,0
4899,0
4919,0
4939,0
4959,0
4979,0
4999,0
5019,0
5039,0
5059,0
5079,0
5099,0
5119,0
5139,0
5159,0
5179,0
5199,0
5219,0
5239,0
5259,0
5279,0
5299,0
5319,0
5339,0
5359,0
5379,0
5399,0
5419,0
5439,0
5459,0
5479,0
5499,0
5519,0
5539,0
5559,0
5579,0
5599,0
5619,0
5639,0
5659,0
5679,0
5699,0
5719,0
5739,0
5759,0
5779,0
5799,0
5819,0
5839,0
5859,0
5879,0
5899,0
5919,0
5939,0
5959,0
5979,0
5999,0
6019,0
6039,0
6059,0
6079,0
6099,0
6119,0
6139,0
6159,0
6179,0
6199,0
6219,0
6239,0
6259,0
6279,0
6299,0
6319,0
6339,0
6359,0
6379,0
6399,0
6419,0
6439,0
6459,0
6479,0
6499,0
6519,0
6539,0
6559,0
6579,0
6599,0
6619,0
6639,0
6659,0
6679,0
6699,0
6719,0
6739,0
6759,0
6779,0
6799,0
6819,0
6839,0
6859,0
6879,0
6899,0
6919,0
6939,0
6959,0
6979,0
6999,0
7019,0
7039,0
7059,0
7079,0
7099,0
7119,0
7139,0
7159,0
7179,0
7199,0
7219,0
7239,0
7259,0
7279,0
7299,0
7319,0
7339,0
7359,0
7379,0
7399,0
7419,0
7439,0
7459,0
7479,0
7499,0
7519,0
7539,0
7559,0
7579,0
7599,0
7619,0
7639,0
7659,0
7679,0
7699,0
7719,0
7739,0
7759,0
7779,0
7799,0
7819,0
7839,0
7859,0
7879,0
7899,0
7919,0
7939,0
7959,0
7979,0
7999,0
8019,0
8039,0
8059,0
8079,0
8099,0
8119,0
8139,0
8159,0
8179,0
8199,0
8219,0
8239,0
8259,0
8279,0
8299,0
8319,0
8339,0
8359,0
8379,0
8399,0
8419,0
8439,0
8459,0
8479,0
8499,0
8519,0
8539,0
8559,0
8579,0
8599,0
8619,0
8639,0
8659,0
8679,0
8699,0
8719,0
8739,0
8759,0
8779,0
8799,0
8819,0
8839,0
8859,0
8879,0
8899,0
8919,0
8939,0
8959,0
8979,0
8999,0
9019,0
9039,0
9059,0
9079,0
9099,0
9119,0
9139,0
9159,0
9179,0
9199,0
9219,0
9239,0
9259,0
9279,0
9299,0
9319,0
9339,0
9359,0
9379,0
9399,0
9419,0
9439,0
9459,0
9479,0
9499,0
9519,0
9539,0
9559,0
9579,0
9599,0
9619,0
9639,0
9659,0
9679,0
9699,0
9719,0
9739,0
9759,0
9779,0
9799,0
9819,0
9839,0
9859,0
9879,0
9899,0
9919,0
9939,0
9959,0
9979,0
9999,0
10019,0
10039,0
10059,0
10079,0
10099,0
10119,0
10139,0
10159,1
10179,1
10199,1
10219,1
10239,1
10259,1
10279,1
10299,1
10319,1
10339,1
10359,1
10379,1
10399,1
10419,1
10439,1
10459,1
10479,1
10499,1
10519,1
10539,1
10559,1
10579,1
10599,1
10619,1
10639,1
10659,1
10679,1
10699,1
10719,1
10739,1
10759,1
10779,1
10799,1
10819,1
10839,1
10859,1
10879,1
10899,1
10919,1
10939,1
10959,1
10979,1
10999,1
11019,1
11039,1
11059,1
11079,1
11099,1
11119,1
11139,1
11159,1
11179,1
11199,1
11219,1
11239,1
11259,1
11279,1
11299,1
11319,1
11339,1
11359,1
11379,1
11399,1
11419,1
11439,1
11459,1
11479,1
11499,1
11519,1
11539,1
11559,1
11579,1
11599,1
11619,1
11639,1
11659,1
11679,1
11699,1
11719,1
11739,1
11759,1
11779,1
11799,1
11819,1
11839,1
11859,1
11879,1
11899,1
11919,1
11939,1
11959,1
11979,1
11999,1
12019,1
12039,1
12059,1
12079,1
12099,1
12119,1
12139,1
12159,1
12179,1
12199,1
12219,1
12239,1
12259,1
12279,1
12299,1
12319,1
12339,1
12359,1
12379,1
12399,1
12419,1
12439,1
12459,1
12479,1
12499,1
12519,1
12539,1
12559,1
12579,1
12599,1
12619,1
12639,1
12659,1
12679,1
12699,1
12719,1
12739,1
12759,1
12779,1
12799,1
12819,1
12839,1
12859,1
12879,1
12899,1
12919,1
12939,1
12959,1
12979,1
12999,1
13019,1
13039,1
13059,1
13079,1
13099,1
13119,1
13139,1
13159,1
13179,1
13199,1
13219,1
13239,1
13259,1
13279,1
13299,1
13319,1
13339,1
13359,1
13379,1
13399,1
13419,1
13439,1
13459,1
13479,1
13499,1
13519,1
13539,1
13559,1
13579,1
13599,1
13619,1
13639,1
13659,1
13679,1
13699,1
13719,1
13739,1
13759,1
13779,1
13799,1
13819,1
13839,1
13859,1
13879,1
13899,1
13919,1
13939,1
13959,1
13979,1
13999,1
14019,1
14039,1
14059,1
14079,1
14099,1
14119,1
14139,1
14159,1
14179,1
14199,1
14219,1
14239,1
14259,1
14279,1
14299,1
14319,1
14339,1
14359,1
14379,1
14399,1
14419,1
14439,1
14459,1
14479,1
14499,1
14519,1
14539,1
14559,1
14579,1
14599,1
14619,1
14639,1
14659,1
14679,1
14699,1
14719,1
14739,1
14759,1
14779,1
14799,1
14819,1
14839,1
14859,1
14879,1
14899,1
14919,1
14939,1
14959,1
14979,1
14999,1
15019,1
15039,1
15059,1
15079,1
15099,1
15119,1
15139,1
15159,1
15179,1
15199,1
15219,1
15239,1
15259,1
15279,1
15299,1
15319,1
15339,1
15359,1
15379,1
15399,1
15419,1
15439,1
15459,1
15479,1
15499,1
15519,1
15539,1
15559,1
15579,1
15599,1
15619,1
15639,1
15659,1
15679,1
15699,1
15719,1
15739,1
15759,1
15779,1
15799,1
15819,1
15839,1
15859,1
15879,1
15899,1
15919,1
15939,1
15959,1
15979,1
15999,1
16019,1
16039,1
16059,1
16079,1
16099,1
16119,1
16139,1
16159,1
16179,1
16199,1
16219,1
16239,1
16259,1
16279,1
16299,1
16319,1
16339,1
16359,1
16379,1
16399,1
16419,1
16439,1
16459,1
16479,1
16499,1
16519,1
16539,1
16559,1
16579,1
16599,1
16619,1
16639,1
16659,1
16679,1
16699,1
16719,1
16739,1
16759,1
16779,1
16799,1
16819,1
16839,1
16859,1
16879,1
16899,1
16919,1
16939,1
16959,1
16979,1
16999,1
17019,1
17039,1
17059,1
17079,1
17099,1
17119,1
17139,1
17159,1
17179,1
17199,1
17219,1
17239,1
17259,1
17279,1
17299,1
17319,1
17339,1
17359,1
17379,1
17399,1
17419,1
17439,1
17459,1
17479,1
17499,1
17519,1
17539,1
17559,1
17579,1
17599,1
17619,1
17639,1
17659,1
17679,1
17699,1
17719,1
17739,1
17759,1
17779,1
17799,1
17819,1
17839,1
17859,1
17879,1
17899,1
17919,1
17939,1
17959,1
17979,1
17999,1
18019,1
18039,1
18059,1
18079,1
18099,1
18119,1
18139,1
18159,1
18179,1
18199,1
18219,1
18239,1
18259,1
18279,1
18299,1
18319,1
18339,1
18359,1
18379,1
18399,1
18419,1
18439,1
18459,1
18479,1
18499,1
18519,1
18539,1
18559,1
18579,1
18599,1
18619,1
18639,1
18659,1
18679,1
18699,1
18719,1
18739,1
18759,1
18779,1
18799,1
18819,1
18839,1
18859,1
18879,1
18899,1
18919,1
18939,1
18959,1
18979,1
18999,1
19019,1
19039,1
19059,1
19079,1
19099,1
19119,1
19139,1
19159,1
19179,1
19199,1
19219,1
19239,1
19259,1
19279,1
19299,1
19319,1
19339,1
19359,1
19379,1
19399,1
19419,1
19439,1
19459,1
19479,1
19499,1
19519,1
19539,1
19559,1
19579,1
19599,1
19619,1
19639,1
19659,1
19679,1
19699,1
19719,1
19739,1
19759,1
19779,1
19799,1
19819,1
19839,1
19859,1
19879,1
19899,1
19919,1
19939,1
19959,1
19979,1
19999,1
20019,1
20039,1
20059,1
20079,1
20099,1
20119,1
20139,1
20159,1
20179,1
20199,1
20219,1
20239,1
20259,1
20279,1
20299,1
20319,1
20339,1
20359,1
20379,1
20399,1
20419,1
20439,1
20459,1
20479,1
20499,1
20519,1
20539,1
20559,1
20579,1
20599,1
20619,1
20639,1
20659,1
20679,1
20699,1
20719,1
20739,1
20759,1
20779,1
20799,1
20819,1
20839,1
20859,1
20879,1
20899,1
20919,1
20939,1
20959,1
20979,1
20999,1
21019,1
21039,1
21059,1
21079,1
21099,1
21119,1
21139,1
21159,1
21179,1
21199,1
21219,1
21239,1
21259,1
21279,1
21299,1
21319,1
21339,1
21359,1
21379,1
21399,1
21419,1
21439,1
21459,1
21479,1
21499,1
21519,1
21539,1
21559,1
21579,1
21599,1
21619,1
21639,1
21659,1
21679,1
21699,1
21719,1
21739,1
21759,1
21779,1
21799,1
21819,1
21839,1
21859,1
21879,1
21899,1
21919,1
21939,1
21959,1
21979,1
21999,1
22019,1
22039,1
22059,1
22079,1
22099,1
22119,1
22139,1
22159,1
22179,1
22199,1
22219,1
22239,1
22259,1
22279,1
22299,1
22319,1
22339,1
22359,1
22379,1
22399,1
22419,1
22439,1
22459,1
22479,1
22499,1
22519,1
22539,1
22559,1
22579,1
22599,1
22619,1
22639,1
22659,1
22679,1
22699,1
22719,1
22739,1
22759,1
22779,1
22799,1
22819,1
22839,1
22859,1
22879,1
22899,1
22919,1
22939,1
22959,1
22979,0
